Author,Commits
Scott Alexander-Bown,67
Matthew Rollings,66
mat,14
Artsem Kurantsou,7
Frieder Bluemle,7
altvnv,5
Daniel Kutik,4
matthew,3
Antonio,2
Mohammed Ezzat,2
Alessandro Yuichi Okimoto,2
Niall Scott,1
grubeli,1
Harsh Mahajan,1
Prempal Singh,1
Stefan M,1
Slim Namouchi,1
Roberto Gonzalez,1
Fi5t,1
Deepak PK,1
Ivan Vlasov,1
zhqcqupt,1
Jamie Cruwys,1
Shanmugasanthosh,1
Ali Waseem,1
LeonKarabchevsky,1
BIOCATCH\Leon.Karabchevsky,1
vyas,1
aippisch,1
leocadiotine,1
Sergey Valiulik,1
Andy Barber,1
biddster,1
Litrik De Roy,1
